City_Id,City,Latitude,Longitude,Max Temp,Humidity,Cloudiness,Wind Speed,Country,Date
0,longyearbyen,78.2186,15.6401,48.04,87,75,5.75,SJ,1660154421
1,port blair,11.6667,92.75,81.21,83,100,14.52,IN,1660154423
2,yellowknife,62.456,-114.3525,59.56,82,100,13.0,CA,1660154426
3,jamestown,42.097,-79.2353,78.03,46,24,3.0,US,1660154341
4,saint-philippe,-21.3585,55.7679,65.79,77,65,16.98,RE,1660154165
5,puerto madero,14.7208,-92.4215,88.0,74,100,0.0,MX,1660154432
6,jinchang,38.4953,102.1739,74.53,71,98,6.69,CN,1660154435
7,kodiak,57.79,-152.4072,56.71,82,100,3.44,US,1660154438
8,ewo,-0.8725,14.8206,84.83,43,82,3.06,CG,1660154440
9,airai,-8.9266,125.4092,57.9,52,44,1.72,TL,1660154443
10,narsaq,60.9167,-46.05,49.24,55,97,5.61,GL,1660154172
11,tuktoyaktuk,69.4541,-133.0374,44.46,88,100,26.31,CA,1660154448
12,ahipara,-35.1667,173.1667,48.85,87,90,7.85,NZ,1660154167
13,busselton,-33.65,115.3333,50.7,81,20,4.99,AU,1660154452
14,nome,64.5011,-165.4064,48.16,93,99,7.23,US,1660154301
15,tiksi,71.6872,128.8694,48.54,94,97,5.57,RU,1660154457
16,vaini,-21.2,-175.2,76.82,88,1,18.59,TO,1660154460
17,ponta do sol,32.6667,-17.1,75.13,73,31,6.78,PT,1660154462
18,soe,-9.8607,124.284,62.89,89,68,4.7,ID,1660154465
19,iqaluit,63.7506,-68.5145,54.7,66,0,10.0,CA,1660154415
20,kenora,49.8167,-94.4337,72.79,35,0,10.33,CA,1660154469
21,te anau,-45.4167,167.7167,33.13,94,76,3.6,NZ,1660154472
22,castro,-24.7911,-50.0119,45.75,92,96,14.25,BR,1660154318
23,santa cruz de tenerife,28.4682,-16.2546,77.59,77,20,14.97,ES,1660154477
24,komsomolskiy,40.4272,71.7189,84.92,26,12,4.61,UZ,1660154479
25,karratha,-20.7377,116.8463,65.52,31,0,10.94,AU,1660154481
26,bluff,-46.6,168.3333,42.3,68,100,7.92,NZ,1660154484
27,gamba,-2.65,10.0,70.68,88,56,8.75,GA,1660154486
28,puerto ayora,-0.7393,-90.3518,80.56,85,92,8.01,EC,1660154241
29,haines junction,60.7522,-137.5108,46.78,95,100,3.2,CA,1660154491
30,fort nelson,58.8053,-122.7002,77.38,38,40,3.04,CA,1660154493
31,kahului,20.8947,-156.47,81.84,80,4,11.99,US,1660154258
32,kavieng,-2.5744,150.7967,79.36,79,100,3.02,PG,1660154498
33,port-gentil,-0.7193,8.7815,76.96,78,100,12.66,GA,1660154500
34,mataura,-46.1927,168.8643,36.64,93,99,1.81,NZ,1660154503
35,mongoumba,3.6415,18.5936,73.17,94,99,2.19,CF,1660154505
36,rikitea,-23.1203,-134.9692,73.06,77,100,24.76,PF,1660154508
37,mercedes,-34.6515,-59.4307,60.04,46,95,11.5,AR,1660154510
38,portland,45.5234,-122.6762,69.62,76,100,7.0,US,1660154172
39,mezen,65.8522,44.24,58.23,71,95,3.94,RU,1660154515
40,lebu,-37.6167,-73.65,52.16,70,66,4.83,CL,1660154519
41,punta arenas,-53.15,-70.9167,46.11,70,96,10.02,CL,1660154522
42,popondetta,-8.7537,148.2534,72.45,96,100,2.1,PG,1660154525
43,cape town,-33.9258,18.4232,58.1,92,75,12.66,ZA,1660154481
44,ushuaia,-54.8,-68.3,41.86,85,100,2.64,AR,1660154529
45,carnarvon,-24.8667,113.6333,59.05,52,0,16.22,AU,1660154532
46,east london,-33.0153,27.9116,64.11,73,75,4.29,ZA,1660154434
47,butaritari,3.0707,172.7902,81.57,77,94,17.63,KI,1660154536
48,joshimath,30.5667,79.5667,73.35,96,98,3.38,IN,1660154539
49,trairi,-3.2778,-39.2689,83.55,58,17,16.17,BR,1660154518
50,hermanus,-34.4187,19.2345,55.8,87,100,8.66,ZA,1660154543
51,synya,65.3718,58.0387,51.66,64,98,4.7,RU,1660154546
52,krasnoselkup,65.7,82.4667,48.63,65,24,10.29,RU,1660154548
53,coquimbo,-29.9533,-71.3436,61.65,64,100,7.81,CL,1660154551
54,talnakh,69.4865,88.3972,47.39,84,100,5.77,RU,1660154553
55,novo aripuana,-5.1206,-60.3797,94.91,36,31,5.17,BR,1660154556
56,port alfred,-33.5906,26.891,61.18,83,85,7.23,ZA,1660154558
57,mehamn,71.0357,27.8492,60.71,88,75,13.8,NO,1660154561
58,katsuura,35.1333,140.3,80.69,91,88,13.09,JP,1660154563
59,albany,42.6001,-73.9662,78.17,70,66,4.92,US,1660154408
60,mahebourg,-20.4081,57.7,69.26,70,70,22.3,MU,1660154568
61,new norfolk,-42.7826,147.0587,42.3,75,84,2.44,AU,1660154570
62,pitimbu,-7.4706,-34.8086,82.99,68,6,11.74,BR,1660154573
63,san quintin,30.4833,-115.95,79.38,62,37,9.95,MX,1660154575
64,celestun,20.8667,-90.4,86.83,61,25,4.41,MX,1660154578
65,hithadhoo,-0.6,73.0833,82.36,73,64,8.01,MV,1660154580
66,hobart,-42.8794,147.3294,42.66,82,93,8.05,AU,1660154585
67,ribeira grande,38.5167,-28.7,75.6,78,40,3.44,PT,1660154587
68,port elizabeth,-33.918,25.5701,59.31,90,71,5.01,ZA,1660154479
69,la rioja,42.25,-2.5,89.38,42,62,1.05,ES,1660154592
70,honiara,-9.4333,159.95,76.06,86,50,3.91,SB,1660154594
71,uyuni,-20.4597,-66.825,50.95,8,0,11.5,BO,1660154599
72,codrington,-38.2667,141.9667,48.42,90,100,18.41,AU,1660154602
73,chuzhou,32.3219,118.2978,82.98,75,84,1.95,CN,1660154425
74,provideniya,64.3833,-173.3,50.23,89,100,6.13,RU,1660154606
75,adrar,20.5022,-10.0711,106.61,10,14,8.61,MR,1660154609
76,tasiilaq,65.6145,-37.6368,39.36,81,34,6.8,GL,1660154611
77,lorengau,-2.0226,147.2712,80.31,80,100,7.07,PG,1660154500
78,barrow,71.2906,-156.7887,44.62,93,100,12.66,US,1660154616
79,namibe,-15.1961,12.1522,62.69,89,12,8.88,AO,1660154621
80,okhotsk,59.3833,143.3,56.37,93,100,4.41,RU,1660154623
81,buraydah,26.326,43.975,102.92,14,43,15.32,SA,1660154628
82,asau,46.4333,26.4,67.12,90,90,4.76,RO,1660154630
83,havelock,34.8791,-76.9013,96.06,70,34,1.99,US,1660154632
84,oranjemund,-28.55,16.4333,55.06,89,93,9.33,NA,1660154635
85,katobu,-4.9408,122.5276,72.46,96,85,3.65,ID,1660154637
86,chokurdakh,70.6333,147.9167,52.41,69,0,8.79,RU,1660154640
87,strai,58.2,7.9,72.19,52,0,14.97,NO,1660154642
88,quipapa,-8.8278,-36.0117,75.18,70,84,4.12,BR,1660154645
89,atuona,-9.8,-139.0333,77.59,77,12,21.9,PF,1660154647
90,khatanga,71.9667,102.5,45.3,68,97,13.94,RU,1660154650
91,beira,-19.8436,34.8389,71.69,88,0,8.05,MZ,1660154634
92,yaan,7.3833,8.5667,75.43,90,94,6.04,NG,1660154655
93,kaitangata,-46.2817,169.8464,37.4,85,97,1.41,NZ,1660154657
94,kavaratti,10.5669,72.642,81.97,80,55,22.86,IN,1660154659
95,san patricio,28.017,-97.5169,96.17,39,6,7.96,US,1660154662
96,orsta,62.2029,6.1272,68.45,59,100,11.5,NO,1660154664
97,gamboma,-1.8764,15.8644,86.68,33,51,3.58,CG,1660154667
98,nikolskoye,59.7035,30.7861,66.09,73,21,3.98,RU,1660154669
99,myatlevo,54.8969,35.6762,60.71,83,97,4.99,RU,1660154672
100,vardo,70.3705,31.1107,57.18,94,75,10.36,NO,1660154674
101,kichera,55.9375,110.0997,54.97,85,63,1.72,RU,1660154677
102,imbituba,-28.24,-48.6703,59.86,99,100,17.0,BR,1660154527
103,kolondieba,11.0882,-6.8926,81.75,74,76,3.6,ML,1660154681
104,karabuk,41.2049,32.6277,69.33,74,26,3.36,TR,1660154684
105,beringovskiy,63.05,179.3167,52.59,86,48,9.51,RU,1660154686
106,pangnirtung,66.1451,-65.7125,45.19,81,90,2.15,CA,1660154689
107,lata,40.1629,-8.3327,76.68,59,1,7.83,PT,1660154691
108,hirara,24.8,125.2833,84.99,70,2,7.78,JP,1660154696
109,mar del plata,-38.0023,-57.5575,57.94,57,51,1.99,AR,1660154404
110,faanui,-16.4833,-151.75,76.44,73,0,5.37,PF,1660154700
111,victoria,22.2855,114.1577,83.32,88,100,13.0,HK,1660154703
112,gladstone,-23.85,151.25,60.73,67,75,6.91,AU,1660154705
113,leningradskiy,69.3833,178.4167,41.63,92,98,4.56,RU,1660154708
114,cairns,-16.9167,145.7667,68.07,92,75,10.36,AU,1660154713
115,bethel,41.3712,-73.414,85.15,58,74,1.01,US,1660154426
116,turukhansk,65.8167,87.9833,45.59,78,24,7.78,RU,1660154717
117,yumen,40.2833,97.2,80.85,47,6,17.4,CN,1660154720
118,buta,2.7858,24.73,76.03,74,100,1.39,CD,1660154722
119,champerico,14.3,-91.9167,84.04,66,77,4.34,GT,1660154725
120,luwuk,-0.9516,122.7875,76.82,91,93,5.12,ID,1660154727
121,riverton,40.5219,-111.9391,92.28,36,0,1.99,US,1660154508
122,srednekolymsk,67.45,153.6833,57.85,80,6,4.88,RU,1660154732
123,makat,47.6469,53.3463,92.23,23,66,9.31,KZ,1660154734
124,plettenberg bay,-34.0527,23.3716,57.16,90,89,4.85,ZA,1660154622
125,saskylakh,71.9167,114.0833,50.5,72,72,10.54,RU,1660154743
126,tukrah,32.5341,20.5791,82.29,57,0,8.41,LY,1660154746
127,urubicha,-15.3833,-62.95,81.75,15,0,5.3,BO,1660154748
128,clyde river,70.4692,-68.5914,44.13,66,86,3.04,CA,1660154751
129,oga,46.4631,10.347,66.74,79,86,4.76,IT,1660154753
130,moron,-34.6534,-58.6198,60.01,57,90,6.33,AR,1660154756
131,ewa beach,21.3156,-158.0072,81.77,69,40,19.57,US,1660154758
132,patacamaya,-17.2333,-67.9167,54.63,22,2,0.6,BO,1660154763
133,road town,18.4167,-64.6167,89.69,70,20,11.5,VG,1660154765
134,wellington,-41.2866,174.7756,45.07,82,75,24.16,NZ,1660154768
135,pisco,-13.7,-76.2167,63.01,77,75,11.5,PE,1660154770
136,batagay-alyta,67.8006,130.4114,54.12,76,11,0.96,RU,1660154773
137,hilo,19.7297,-155.09,87.28,89,100,3.44,US,1660154775
138,qaanaaq,77.484,-69.3632,38.17,63,7,3.22,GL,1660154778
139,maceio,-9.6658,-35.7353,85.44,54,0,10.36,BR,1660154780
140,coos bay,43.3665,-124.2179,73.99,86,40,8.05,US,1660154783
141,ugoofaaru,5.6667,73.0,80.96,84,37,14.23,MV,1660154785
142,sitka,57.0531,-135.33,57.09,82,100,3.44,US,1660154792
143,bam,29.106,58.357,94.33,15,52,16.82,IR,1660154531
144,avarua,-21.2078,-159.775,66.25,94,6,2.3,CK,1660154775
145,grand-santi,4.25,-54.3833,86.27,60,69,0.98,GF,1660154801
146,valdivia,-39.8142,-73.2459,54.3,67,71,3.83,CL,1660154532
147,najran,17.4924,44.1277,88.12,31,89,5.55,SA,1660154808
148,pritzwalk,53.1494,12.1741,78.58,36,11,5.59,DE,1660154810
149,praya,14.9215,-23.5087,84.74,74,75,13.8,CV,1660154813
150,lewiston,44.1003,-70.2148,73.92,86,100,0.0,US,1660154538
151,vanderhoof,54.0166,-124.0198,77.16,38,0,1.88,CA,1660154817
152,panaba,21.2833,-88.2667,93.33,45,25,8.66,MX,1660154820
153,bredasdorp,-34.5322,20.0403,54.05,92,100,4.61,ZA,1660154822
154,kupang,-10.1667,123.5833,74.19,82,90,3.83,ID,1660154825
155,huarmey,-10.0681,-78.1522,68.5,67,45,10.87,PE,1660154827
156,dedougou,12.4667,-3.4667,84.78,65,71,1.48,BF,1660154830
157,kutum,14.2,24.6667,76.78,63,68,1.25,SD,1660154834
158,klaksvik,62.2266,-6.589,54.52,82,93,25.12,FO,1660154837
159,tuatapere,-46.1333,167.6833,36.34,90,91,3.4,NZ,1660154839
160,dubbo,-32.25,148.6167,50.13,76,91,9.22,AU,1660154842
161,labuhan,-6.8844,112.2051,77.67,87,57,7.34,ID,1660154844
162,nurota,40.5614,65.6886,75.9,25,0,9.78,UZ,1660154847
163,kawalu,-7.3817,108.2082,72.55,97,94,0.58,ID,1660154646
164,sur,22.5667,59.5289,86.47,64,97,16.17,OM,1660154851
165,sambava,-14.2667,50.1667,70.97,71,58,17.18,MG,1660154854
166,broken hill,-31.95,141.4333,55.33,50,100,25.19,AU,1660154856
167,arraial do cabo,-22.9661,-42.0278,73.26,78,75,5.75,BR,1660154859
168,sangar,63.9242,127.4739,53.56,88,0,3.51,RU,1660154861
169,mana,5.6592,-53.7767,86.34,64,91,10.0,GF,1660154864
170,udachnyy,66.4167,112.4,59.72,80,100,5.77,RU,1660154866
171,bayir,37.2687,28.2167,75.72,56,33,3.22,TR,1660154868
172,hofn,64.2539,-15.2082,55.42,71,20,13.8,IS,1660154871
173,kapoeta,4.7717,33.5903,81.54,49,100,3.76,SS,1660154873
174,bilibino,68.0546,166.4372,57.81,94,36,1.63,RU,1660154876
175,kruisfontein,-34.0033,24.7314,54.75,90,100,4.72,ZA,1660154771
176,atbasar,51.8,68.3333,66.85,56,74,9.15,KZ,1660154881
177,olden,61.8364,6.8064,66.11,82,97,9.22,NO,1660154883
178,goure,13.9835,10.2704,95.36,30,79,6.93,NE,1660154886
179,aras,42.5617,-2.356,93.61,21,0,5.75,ES,1660154888
180,srinivaspur,13.3333,78.2167,71.06,76,81,15.17,IN,1660154891
181,bonthe,7.5264,-12.505,77.4,87,94,10.07,SL,1660154893
182,thompson,55.7435,-97.8558,70.3,34,1,5.93,CA,1660154896
183,alenquer,-1.9417,-54.7383,97.61,27,36,6.13,BR,1660154898
184,ati,13.2154,18.3353,79.63,70,99,7.99,TD,1660154901
185,los llanos de aridane,28.6585,-17.9182,72.12,81,75,11.5,ES,1660154903
186,lagoa,39.05,-27.9833,71.15,70,37,7.9,PT,1660154905
187,marsaxlokk,35.8419,14.5431,84.81,61,20,6.91,MT,1660154908
188,sao filipe,14.8961,-24.4956,78.96,87,74,7.45,CV,1660154910
189,quatre cocos,-20.2078,57.7625,69.1,70,72,22.53,MU,1660154913
190,saint george,37.1041,-113.5841,91.26,42,0,3.0,US,1660154915
191,acapulco,16.8634,-99.8901,82.22,83,100,5.75,MX,1660154794
192,galesong,-5.3166,119.3661,77.02,86,100,5.73,ID,1660154920
193,arvika,59.6553,12.5852,72.21,65,73,9.66,SE,1660154922
194,le port,-20.9373,55.2919,68.25,57,33,4.72,RE,1660154927
195,dudinka,69.4058,86.1778,49.62,83,100,6.76,RU,1660154929
196,yulara,-25.2406,130.9889,52.36,63,100,5.48,AU,1660154932
197,mandera,3.9366,41.867,82.36,54,93,20.11,KE,1660154934
198,at-bashi,41.1702,75.8106,59.83,51,65,2.3,KG,1660154937
199,brae,60.3964,-1.353,57.51,94,95,19.3,GB,1660154941
200,urucara,-2.5364,-57.76,98.96,23,20,4.76,BR,1660154944
201,nadym,65.5333,72.5167,55.49,57,97,7.49,RU,1660154947
202,biltine,14.5333,20.9167,80.31,71,92,10.78,TD,1660154949
203,deputatskiy,69.3,139.9,48.38,86,4,1.01,RU,1660154952
204,maxixe,-23.8597,35.3472,70.3,81,59,7.74,MZ,1660154954
205,mitsamiouli,-11.3847,43.2844,76.35,73,42,8.14,KM,1660154957
206,pevek,69.7008,170.3133,36.28,97,78,5.06,RU,1660154959
207,saint-pierre,-21.3393,55.4781,67.91,73,0,27.63,RE,1660154961
208,cidreira,-30.1811,-50.2056,61.83,65,95,10.83,BR,1660154964
209,kalat,29.0225,66.5916,76.89,55,34,5.53,PK,1660154966
210,ayutla,20.1167,-104.3333,75.15,62,98,1.79,MX,1660154969
211,kuli,42.0185,47.2434,55.65,83,37,7.18,RU,1660154971
212,grindavik,63.8424,-22.4338,50.47,87,75,12.66,IS,1660154735
213,altay,47.8667,88.1167,70.93,45,100,2.73,CN,1660154976
214,saint-augustin,51.226,-58.6502,66.81,47,1,10.74,CA,1660154978
215,nabire,-3.3667,135.4833,74.55,90,76,3.27,ID,1660154981
216,olafsvik,64.8945,-23.7142,48.6,81,93,10.2,IS,1660154983
217,alta floresta,-9.8756,-56.0861,92.66,29,13,5.48,BR,1660154986
218,olenino,56.2092,33.4889,60.44,67,93,5.28,RU,1660154988
219,nha trang,12.25,109.1833,80.6,82,100,4.99,VN,1660154991
220,dire,12.2833,-10.9667,78.12,94,100,4.88,ML,1660154993
221,ixtapa,20.7,-105.2,87.22,70,100,8.05,MX,1660154995
222,walvis bay,-22.9575,14.5053,54.09,90,18,8.97,NA,1660154998
223,mount darwin,-16.7725,31.5838,64.17,41,0,3.91,ZW,1660155000
224,belgrade,44.804,20.4651,82.38,44,0,9.22,RS,1660154812
225,pumiao,22.75,108.4833,76.5,95,100,10.58,CN,1660155005
226,gizo,-8.103,156.8419,80.38,77,93,4.45,SB,1660155008
227,houston,29.7633,-95.3633,97.95,55,40,6.91,US,1660154451
228,jiujiang,29.7333,115.9833,85.62,60,99,2.62,CN,1660155013
229,dingle,10.9995,122.6711,75.51,90,99,1.7,PH,1660155015
230,port hardy,50.6996,-127.4199,63.93,78,36,2.71,CA,1660155018
231,mandalgovi,45.7625,106.2708,68.74,56,9,6.69,MN,1660155020
232,kapaa,22.0752,-159.319,78.12,85,75,14.97,US,1660155023
233,macenta,8.5435,-9.471,71.37,99,85,2.55,GN,1660155025
234,monrovia,6.3005,-10.7969,76.69,84,97,13.09,LR,1660155028
235,korla,41.7597,86.1469,89.98,24,82,14.16,CN,1660155030
236,malakal,9.5334,31.6605,73.74,94,100,4.65,SS,1660155033
237,trofors,65.5333,13.4063,60.67,90,100,15.08,NO,1660155035
238,diamantino,-14.4086,-56.4461,75.96,31,96,11.07,BR,1660155040
239,cabo san lucas,22.8909,-109.9124,94.6,62,20,10.36,MX,1660154806
240,benalla,-36.55,145.9833,44.85,78,100,8.37,AU,1660155044
241,manakara,-22.1333,48.0167,67.59,72,96,8.34,MG,1660155047
242,saint-paul,-21.0096,55.2707,69.37,69,36,0.89,RE,1660155050
243,borova,50.1763,30.1043,67.24,62,100,6.53,UA,1660155052
244,nyrob,60.733,56.7202,60.51,99,82,5.3,RU,1660155054
245,reoti,25.85,84.3833,84.09,69,55,17.78,IN,1660154896
246,teya,60.3778,92.6267,56.48,97,50,2.64,RU,1660155059
247,castel goffredo,45.2986,10.4754,86.85,46,1,8.05,IT,1660155062
248,chuy,-33.6971,-53.4616,55.63,62,1,8.14,UY,1660155064
249,altea,38.5989,-0.0514,88.38,63,0,3.0,ES,1660155067
250,ilulissat,69.2167,-51.1,42.82,87,100,6.91,GL,1660155069
251,soyo,-6.1349,12.3689,69.6,85,7,8.01,AO,1660155072
252,vila velha,-20.3297,-40.2925,85.95,65,0,14.97,BR,1660154805
253,aklavik,68.2191,-135.0107,51.91,54,85,8.23,CA,1660155076
254,mocuba,-16.8392,36.9856,68.0,74,0,5.7,MZ,1660155079
255,severomuysk,56.1481,113.4267,43.29,93,99,1.34,RU,1660155081
256,camacha,33.0833,-16.3333,71.02,68,20,14.97,PT,1660155086
257,kieta,-6.2167,155.6333,78.76,82,73,3.62,PG,1660155088
258,altamira,-3.2033,-52.2064,97.74,25,11,3.74,BR,1660154794
259,caravelas,-17.7125,-39.2481,77.92,60,7,14.52,BR,1660155093
260,puerto narino,-3.7703,-70.3831,83.59,72,55,7.14,CO,1660155096
261,ancud,-41.8697,-73.8203,51.22,90,100,11.74,CL,1660155098
262,luderitz,-26.6481,15.1594,57.18,75,66,14.72,NA,1660156563
263,georgetown,5.4112,100.3354,81.9,85,20,0.0,MY,1660156566
264,ust-nera,64.5667,143.2,61.54,81,100,5.06,RU,1660156568
265,illapel,-31.6308,-71.1653,68.83,39,100,5.61,CL,1660156309
266,faya,18.3851,42.4509,69.91,85,87,5.39,SA,1660156573
267,hasaki,35.7333,140.8333,79.29,90,100,15.32,JP,1660156457
268,bambous virieux,-20.3428,57.7575,70.21,52,40,18.41,MU,1660156577
269,padang,-0.9492,100.3543,77.59,84,15,3.51,ID,1660156410
270,pimentel,-6.8367,-79.9342,70.09,64,0,14.97,PE,1660156584
271,mangalia,43.8,28.5833,77.52,59,1,22.24,RO,1660156587
272,ereymentau,51.6199,73.1033,60.22,86,100,6.35,KZ,1660156590
273,saldanha,-33.0117,17.9442,57.25,92,100,3.0,ZA,1660156514
274,bengkulu,-3.8004,102.2655,75.31,89,19,4.32,ID,1660156596
275,zyryanskoye,56.8306,86.6258,60.96,87,0,2.8,RU,1660156599
276,sao jose do campestre,-6.3156,-35.7139,80.44,58,5,8.52,BR,1660156601
277,maracacume,-2.0428,-45.9592,82.13,66,98,4.5,BR,1660156604
278,nelson bay,-32.7167,152.15,52.0,100,29,4.0,AU,1660156606
279,hualmay,-11.0964,-77.6139,66.79,68,14,9.8,PE,1660156609
280,shenjiamen,29.9576,122.298,81.61,88,57,19.69,CN,1660156611
281,kerman,30.2832,57.0788,87.66,20,0,11.5,IR,1660156613
282,ola,59.5833,151.2833,55.15,88,100,5.44,RU,1660156616
283,ayan,56.45,138.1667,55.04,96,100,5.68,RU,1660156618
284,ketchikan,55.3422,-131.6461,68.47,52,0,10.36,US,1660156621
285,jaisalmer,26.9147,70.9181,91.9,55,89,7.05,IN,1660156518
286,awbari,26.5921,12.7805,91.4,19,0,11.18,LY,1660156625
287,shelburne,44.0787,-80.2041,80.76,42,0,7.72,CA,1660156628
288,severo-kurilsk,50.6789,156.125,54.37,95,57,10.22,RU,1660156630
289,cockburn town,21.4612,-71.1419,87.76,62,40,11.5,TC,1660156633
290,riyadh,24.6877,46.7219,105.94,12,75,11.65,SA,1660156379
291,mount gambier,-37.8333,140.7667,45.39,93,100,9.69,AU,1660156598
292,cilegon,-6.0174,106.0538,79.32,77,37,1.63,ID,1660156640
293,sept-iles,50.2001,-66.3821,67.05,75,1,5.99,CA,1660156642
294,guisguis,13.8714,121.5192,76.05,90,100,2.53,PH,1660156645
295,hamilton,39.1834,-84.5333,83.75,76,75,9.22,US,1660156507
296,jawhar,2.7809,45.5005,74.62,81,97,13.73,SO,1660156654
297,marystown,47.1666,-55.1483,65.86,100,100,8.01,CA,1660156472
298,khani,41.9563,42.9566,67.57,67,8,4.99,GE,1660156658
299,necochea,-38.5473,-58.7368,55.08,59,100,14.5,AR,1660156661
300,marawi,7.9986,124.2928,68.29,87,93,1.86,PH,1660156663
301,plouzane,48.3833,-4.6167,78.85,61,0,11.5,FR,1660156666
302,geraldton,-28.7667,114.6,43.21,93,0,8.05,AU,1660156668
303,herat,34.5,62.0,73.22,22,0,33.49,AF,1660156673
304,poum,-20.2333,164.0167,69.22,59,0,22.15,NC,1660156677
305,tolga,34.7222,5.3785,101.21,18,0,4.65,DZ,1660156680
306,miles city,46.4083,-105.8406,85.17,39,0,12.66,US,1660156682
307,puerto escondido,15.85,-97.0667,86.83,62,40,5.75,MX,1660156684
308,saint anthony,45.0205,-93.218,85.93,52,75,8.05,US,1660156687
309,lompoc,34.6391,-120.4579,88.7,65,0,10.36,US,1660156689
310,makakilo city,21.3469,-158.0858,82.72,66,20,19.57,US,1660156694
311,coihaique,-45.5752,-72.0662,48.15,71,100,4.61,CL,1660156616
312,raga,8.4596,25.678,71.24,96,100,4.79,SS,1660156699
313,bubaque,11.2833,-15.8333,80.65,86,98,14.18,GW,1660156701
314,cayenne,4.9333,-52.3333,86.09,24,75,4.0,GF,1660156552
315,rognan,67.0953,15.3878,57.76,8,100,10.11,NO,1660156706
316,presidente epitacio,-21.7633,-52.1156,58.78,57,97,11.86,BR,1660156708
317,panguna,-6.3164,155.4848,67.35,97,80,2.51,PG,1660156711
318,severo-yeniseyskiy,60.3725,93.0408,52.61,98,20,3.18,RU,1660156713
319,fairview,40.8126,-73.999,88.63,52,100,6.91,US,1660156526
320,shingu,33.7333,135.9833,78.8,91,100,1.1,JP,1660156718
321,inhambane,-23.865,35.3833,69.78,88,20,4.61,MZ,1660156720
322,usinsk,65.9939,57.5281,51.01,61,74,8.1,RU,1660156723
323,teguise,29.0605,-13.564,73.62,61,20,17.27,ES,1660156725
324,laguna,38.421,-121.4238,83.01,50,0,5.75,US,1660156505
325,turayf,31.6725,38.6637,88.05,37,0,12.66,SA,1660156730
326,tutoia,-2.7619,-42.2744,82.11,71,5,12.41,BR,1660156737
327,samarai,-10.6167,150.6667,77.86,75,92,17.6,PG,1660156740
328,shitanjing,39.2342,106.3439,70.48,78,0,3.65,CN,1660156742
329,lamu,-2.2717,40.902,73.62,85,98,15.86,KE,1660156745
330,gejiu,23.306,103.1635,58.89,88,100,4.45,CN,1660156747
331,shenzhen,22.5455,114.0683,83.21,89,100,9.75,CN,1660156750
332,palmer,42.1584,-72.3287,85.64,48,75,5.75,US,1660156464
333,asfi,32.2994,-9.2372,71.4,76,0,11.92,MA,1660156754
334,tumut,-35.3,148.2167,45.99,79,100,4.43,AU,1660156757
335,bonfim,3.0833,-59.95,92.01,45,23,4.27,BR,1660156759
336,kaeo,-35.1,173.7833,49.32,93,95,7.52,NZ,1660156762
337,norman wells,65.282,-126.8329,49.75,77,100,9.08,CA,1660156672
338,touros,-5.1989,-35.4608,80.02,62,5,14.14,BR,1660156767
339,oktyabrskoye,43.0645,44.7417,69.94,68,0,4.47,RU,1660156769
340,boa vista,2.8197,-60.6733,93.18,43,40,5.75,BR,1660156528
341,torit,4.4133,32.5678,69.82,89,80,3.31,SS,1660156774
342,cheney,47.4874,-117.5758,86.25,43,75,9.22,US,1660156776
343,taoudenni,22.6783,-3.9836,106.47,14,95,7.7,ML,1660156779
344,puerto del rosario,28.5004,-13.8627,76.75,73,20,16.11,ES,1660156781
345,eregli,37.5133,34.0467,77.09,38,5,2.15,TR,1660156786
346,maniitsoq,65.4167,-52.9,43.07,88,100,3.0,GL,1660156788
347,nanortalik,60.1432,-45.2371,45.84,77,77,4.97,GL,1660156790
348,general elizardo aquino,-24.4333,-56.7,59.7,63,100,2.06,PY,1660156793
349,miramar,25.9873,-80.2323,93.02,66,40,14.97,US,1660156795
350,atar,20.5169,-13.0499,109.45,18,6,6.91,MR,1660156798
351,maamba,-17.3667,27.15,66.29,32,0,3.53,ZM,1660156800
352,zyryanovsk,49.7386,84.2719,62.01,65,9,2.37,KZ,1660156803
353,nouadhibou,20.931,-17.0347,76.98,69,0,23.02,MR,1660156808
354,tautira,-17.7333,-149.15,76.23,76,57,10.49,PF,1660156810
355,wanning,18.8003,110.3967,79.05,90,100,14.85,CN,1660156813
356,wawa,9.9022,4.4192,78.75,76,100,3.96,NG,1660156815
357,awjilah,29.1081,21.2869,86.23,42,0,17.58,LY,1660156818
358,half moon bay,37.4636,-122.4286,80.91,68,0,11.5,US,1660156769
359,ouadda,8.0777,22.4007,69.04,98,100,3.4,CF,1660156827
360,nikolayevsk-na-amure,53.1406,140.73,53.82,97,94,1.95,RU,1660156834
361,nishihara,26.1842,127.7558,83.48,85,40,4.61,JP,1660156836
362,baghdad,33.3406,44.4009,96.71,24,0,13.8,IQ,1660156757
363,lavrentiya,65.5833,-171.0,49.24,70,100,7.76,RU,1660156841
364,upernavik,72.7868,-56.1549,40.57,86,99,8.01,GL,1660156843
365,husavik,66.0449,-17.3389,45.54,87,94,13.24,IS,1660156846
366,hambantota,6.1241,81.1185,77.34,94,20,5.75,LK,1660156848
367,gat,31.61,34.7642,81.81,100,2,5.32,IL,1660156850
368,newport,51.5877,-2.9984,88.12,35,9,6.73,GB,1660156853
369,beisfjord,68.3751,17.5988,59.05,95,100,6.91,NO,1660156856
370,batemans bay,-35.7167,150.1833,52.11,87,100,4.94,AU,1660156858
371,bontang,0.1333,117.5,76.01,89,89,5.64,ID,1660156861
372,esperance,-33.8667,121.9,56.08,72,30,20.02,AU,1660156863
373,kulhudhuffushi,6.6221,73.07,81.18,86,4,15.79,MV,1660156866
374,byron bay,-28.65,153.6167,50.94,77,99,6.98,AU,1660156868
375,sanok,49.5557,22.2056,64.27,100,23,1.81,PL,1660156871
376,azacualpa,15.3433,-88.5514,79.45,65,88,3.53,HN,1660156873
377,kushiro,42.975,144.3747,66.81,97,28,4.25,JP,1660156875
378,mecca,21.4267,39.8261,90.54,58,47,13.44,SA,1660156704
379,yavatmal,20.4,78.1333,73.0,94,100,14.92,IN,1660156880
380,suna,57.8338,50.0588,56.91,86,98,6.35,RU,1660156883
381,abha,18.2164,42.5053,69.62,88,93,5.75,SA,1660156887
382,vestmannaeyjar,63.4427,-20.2734,52.79,82,0,13.8,IS,1660156892
383,itarema,-2.9248,-39.9167,81.41,67,3,18.41,BR,1660156894
384,chivacoa,10.1603,-68.895,74.44,93,100,4.76,VE,1660156899
385,painesville,41.7245,-81.2457,79.65,58,0,5.75,US,1660156901
386,alto araguaia,-17.3147,-53.2153,69.57,27,98,13.33,BR,1660156904
387,gravdal,68.1214,13.5031,55.29,100,75,14.97,NO,1660156906
388,gornoye loo,43.7129,39.6049,76.78,81,25,5.46,RU,1660156911
389,dikson,73.5069,80.5464,42.13,94,99,8.12,RU,1660156871
390,kimbe,-5.5502,150.1429,74.77,95,100,3.76,PG,1660156916
391,karoi,-16.8099,29.6925,61.48,41,0,2.53,ZW,1660156918
392,boyuibe,-20.4167,-63.2833,71.49,19,0,7.11,BO,1660156921
393,bozhou,33.8772,115.7703,77.4,92,100,3.67,CN,1660156923
394,saint-ambroise,48.5501,-71.3324,79.03,43,6,7.61,CA,1660156925
395,homer,59.6425,-151.5483,57.78,86,0,9.22,US,1660156928
396,basco,20.4487,121.9702,82.72,76,98,3.51,PH,1660156930
397,buchanan,5.8808,-10.0467,75.78,86,100,13.35,LR,1660156935
398,salalah,17.0151,54.0924,77.09,100,100,5.75,OM,1660156938
399,la ronge,55.1001,-105.2842,62.44,49,26,4.25,CA,1660156940
400,kudahuvadhoo,2.6708,72.8944,81.7,79,99,5.55,MV,1660156943
401,kyra,49.5776,111.9753,52.11,59,100,4.65,RU,1660156945
402,coro,11.4045,-69.6734,86.13,68,100,17.43,VE,1660156947
403,blackfoot,43.1905,-112.345,86.88,21,61,6.44,US,1660156950
404,pandan,14.0453,124.1694,78.73,82,100,4.05,PH,1660156952
405,mabaruma,8.2,-59.7833,77.72,92,100,4.07,GY,1660156957
406,westport,41.1415,-73.3579,87.12,61,75,10.36,US,1660156820
407,emba,48.8264,58.1442,77.32,35,11,9.01,KZ,1660156962
408,chifeng,42.2683,118.9636,65.82,67,100,1.77,CN,1660156964
409,sayyan,15.1718,44.3244,64.65,66,65,2.01,YE,1660156967
410,mananjary,-21.2167,48.3333,66.43,80,100,6.91,MG,1660156969
411,cuiluan,47.72,128.648,52.52,96,99,3.74,CN,1660156972
412,menongue,-14.6585,17.691,61.09,20,0,4.38,AO,1660156974
413,vuktyl,63.8567,57.3094,57.13,63,100,9.91,RU,1660156976
414,souillac,-20.5167,57.5167,70.18,52,40,18.41,MU,1660156979
415,douentza,14.9951,-2.9517,91.74,46,69,3.31,ML,1660156981
416,wejherowo,54.6057,18.2356,65.82,80,85,3.71,PL,1660156875
417,havoysund,70.9963,24.6622,57.43,91,100,10.92,NO,1660156990
418,kabin buri,13.9511,101.7177,75.07,96,100,3.11,TH,1660156993
419,antalaha,-14.9003,50.2788,69.8,71,87,10.92,MG,1660156996
420,muroto,33.2833,134.15,82.96,79,100,5.55,JP,1660156999
421,comodoro rivadavia,-45.8667,-67.5,60.66,33,0,13.8,AR,1660156898
422,yerbogachen,61.2767,108.0108,54.57,85,98,3.87,RU,1660157003
423,mindelo,16.8901,-24.9804,83.75,65,20,13.8,CV,1660157006
424,bereda,43.2686,-7.5406,73.58,93,38,3.04,ES,1660157008
425,bako,5.7833,36.5667,66.15,64,100,3.78,ET,1660157011
426,uaua,-9.8414,-39.4817,86.7,25,0,6.67,BR,1660156996
427,aragarcas,-15.8975,-52.2508,79.45,31,0,11.5,BR,1660157015
428,council bluffs,41.2619,-95.8608,93.52,45,0,8.05,US,1660157018
429,fereydun kenar,36.6864,52.5225,79.75,68,9,1.72,IR,1660157020
430,tahoua,14.8888,5.2692,93.18,43,20,11.5,NE,1660157025
431,waslala,13.2333,-85.3833,81.39,78,73,6.53,NI,1660157027
432,maun,-19.9833,23.4167,73.36,12,0,5.75,BW,1660157030
433,alyangula,-13.8483,136.4192,71.58,90,2,6.11,AU,1660157032
434,elko,41.0002,-115.5012,69.22,60,100,9.91,US,1660157035
435,vanavara,60.34,102.2797,52.95,92,19,0.72,RU,1660157037
436,pacific grove,36.6177,-121.9166,78.35,69,0,10.0,US,1660157040
437,the valley,18.217,-63.0578,87.66,66,20,16.11,AI,1660157042
438,safaga,26.7292,33.9365,92.07,37,17,14.52,EG,1660157045
439,inta,66.0317,60.1659,50.41,67,92,8.93,RU,1660157047
440,naryan-mar,67.6713,53.087,55.72,69,65,8.28,RU,1660157050
441,warri,5.5167,5.75,76.84,83,100,7.52,NG,1660157052
442,lerwick,60.1545,-1.1494,57.2,93,99,19.64,GB,1660157055
443,san juan,-31.5375,-68.5364,70.57,14,1,8.48,AR,1660157057
444,west bay,19.3667,-81.4167,89.67,79,40,14.97,KY,1660157060
445,college,64.8569,-147.8028,55.2,73,20,1.01,US,1660157062
446,raudeberg,61.9875,5.1352,62.96,80,100,33.62,NO,1660157065
447,balykshi,47.0667,51.8667,78.8,29,0,8.95,KZ,1660157067
448,pudozh,61.8099,36.5345,60.48,66,99,4.52,RU,1660157070
449,tezu,27.9167,96.1667,78.04,86,29,2.26,IN,1660157072
450,tallahassee,30.4383,-84.2807,90.86,68,75,5.01,US,1660156954
451,port macquarie,-31.4333,152.9167,46.89,89,23,4.65,AU,1660157077
452,santa rosa,14.3122,121.1114,81.1,88,100,1.68,PH,1660157079
453,margate,51.3813,1.3862,72.1,78,5,5.99,GB,1660157082
454,boende,-0.2167,20.8667,81.95,50,95,2.28,CD,1660157086
455,arrecife,28.963,-13.5477,76.98,61,20,18.41,ES,1660157089
456,sterling,39.0062,-77.4286,93.15,64,75,5.75,US,1660157068
457,pirgos,35.1167,25.7178,79.63,60,0,7.43,GR,1660157093
458,esmeralda,21.8525,-78.1169,90.45,51,86,15.32,CU,1660157096
459,bathsheba,13.2167,-59.5167,88.41,66,40,11.5,BB,1660157098
460,narasannapeta,18.4167,84.05,79.18,85,100,7.78,IN,1660157101
461,cherskiy,68.75,161.3,55.69,72,0,3.02,RU,1660157103
462,darfield,53.5339,-1.376,82.99,37,15,1.3,GB,1660157106
463,nizwa,22.9333,57.5333,94.06,32,100,6.73,OM,1660157108
464,port shepstone,-30.7414,30.455,66.61,80,17,8.97,ZA,1660157111
465,culebra,18.303,-65.301,89.69,68,100,14.83,PR,1660157115
466,belmonte,-15.8631,-38.8828,77.02,64,0,13.13,BR,1660157118
467,ariquemes,-9.9133,-63.0408,87.28,35,47,6.29,BR,1660157120
468,hobyo,5.3505,48.5268,77.13,80,97,23.06,SO,1660157123
469,ambilobe,-13.2,49.05,68.13,73,4,5.53,MG,1660157125
470,sujangarh,27.7011,74.4649,88.34,58,100,12.48,IN,1660157128
471,santa vitoria do palmar,-33.5189,-53.3681,55.53,62,1,7.14,BR,1660157130
472,kalmunai,7.4167,81.8167,79.12,81,98,2.91,LK,1660157133
473,sola,-13.8833,167.55,75.87,94,100,9.22,VU,1660157135
474,karpogory,64.0019,44.4451,60.04,58,99,1.97,RU,1660157138
475,benjamin hill,30.1667,-111.1,85.62,47,75,1.97,MX,1660157140
476,henties bay,-22.116,14.2845,54.1,89,0,5.46,NA,1660157143
477,tiznit,29.5833,-9.5,72.77,58,0,5.37,MA,1660157145
478,bend,44.0582,-121.3153,81.32,31,0,5.01,US,1660157021
479,chichibu,35.9903,139.0764,78.58,92,100,1.99,JP,1660157150
480,muros,42.7762,-9.0603,68.09,88,52,3.11,ES,1660157152
481,praia da vitoria,38.7333,-27.0667,76.75,73,75,10.02,PT,1660157155
482,bose,45.4612,8.0137,81.99,84,19,7.52,IT,1660157157
483,anadyr,64.75,177.4833,59.5,77,0,4.47,RU,1660157160
484,la palma,33.8464,-118.0467,99.81,49,20,8.05,US,1660157162
485,tortoli,39.9256,9.6572,80.42,65,20,10.36,IT,1660157164
486,pangoa,-12.1167,-73.0,63.72,96,100,0.6,PE,1660157167
487,port keats,-14.25,129.55,69.67,88,35,4.79,AU,1660157170
488,lakhipur,26.0299,90.3041,78.69,88,99,6.06,IN,1660157172
489,terrace,54.5163,-128.6035,80.91,45,0,0.58,CA,1660157174
490,gannan,47.9147,123.5031,58.44,66,100,7.09,CN,1660157177
491,sinazongwe,-17.2614,27.4618,70.25,38,0,2.75,ZM,1660157179
492,nakamura,32.9833,132.9333,76.95,97,96,1.57,JP,1660157182
493,hay river,60.8156,-115.7999,77.41,36,100,15.05,CA,1660157107
494,teguldet,57.3064,88.1667,60.93,89,8,4.07,RU,1660157187
495,bentiu,9.2333,29.8333,75.18,88,100,2.28,SS,1660157189
496,songjianghe,42.1859,127.479,59.97,71,100,3.71,CN,1660157192
497,solnechnyy,50.7214,136.6319,54.27,98,76,5.12,RU,1660157194
498,bardiyah,31.7561,25.0865,78.96,68,0,14.92,LY,1660157196
499,khandyga,62.6667,135.6,55.87,94,100,0.83,RU,1660157199
500,tieli,46.95,128.05,53.56,89,12,2.64,CN,1660157201
501,chhuikhadan,21.5333,80.9833,74.88,93,100,11.65,IN,1660157204
502,katherine,-14.4667,132.2667,73.72,56,26,1.14,AU,1660157206
503,bloomington,44.8408,-93.2983,86.65,56,20,5.75,US,1660156978
504,goya,-29.14,-59.2626,61.5,46,79,6.17,AR,1660157213
505,miyako,39.6367,141.9525,75.52,82,99,5.66,JP,1660157215
506,qeshm,26.9581,56.2719,93.07,63,86,2.37,IR,1660157218
507,shelbyville,35.4834,-86.4603,75.02,94,40,9.22,US,1660157220
508,pocone,-16.2567,-56.6228,74.89,27,100,7.99,BR,1660157223
509,suratgarh,29.3167,73.9,95.14,48,85,9.93,IN,1660157225
510,lloydminster,53.2835,-110.0016,74.71,42,86,16.55,CA,1660157109
511,marsh harbour,26.5412,-77.0636,84.16,73,9,12.82,BS,1660157230
512,pahrump,36.2083,-115.9839,95.45,30,6,3.0,US,1660157232
513,townsville,-19.25,146.8,58.08,88,99,4.61,AU,1660157235
514,sao francisco de paula,-29.4481,-50.5836,48.69,93,79,4.56,BR,1660157238
515,amahai,-3.3333,128.9167,76.26,88,74,2.44,ID,1660157240
516,mul,20.0667,79.6667,75.18,93,100,8.16,IN,1660157242
517,beloha,-25.1667,45.05,70.18,51,86,12.35,MG,1660157245
518,launceston,-41.45,147.1667,44.24,90,33,6.91,AU,1660157103
519,salina cruz,16.1667,-95.2,93.34,46,100,20.83,MX,1660157249
520,yeppoon,-23.1333,150.7333,56.98,87,17,9.19,AU,1660157252
521,kuliyapitiya,7.4688,80.0401,80.28,88,89,5.41,LK,1660157254
522,martapura,-3.4167,114.85,75.29,100,100,3.44,ID,1660157257
523,havre-saint-pierre,50.2334,-63.5986,63.25,74,11,8.86,CA,1660157259
524,vostok,46.4856,135.8833,55.35,94,100,5.93,RU,1660157262
525,deshnok,27.7986,73.3447,92.23,51,9,12.97,IN,1660157266
526,fresnillo,23.1667,-102.8833,76.93,32,10,14.94,MX,1660157269
527,coahuayana,18.7333,-103.6833,90.97,56,100,6.22,MX,1660157271
528,yelizovo,53.1873,158.3805,53.74,100,75,2.24,RU,1660157274
529,abu samrah,35.3029,37.1841,76.17,62,0,15.37,SY,1660157276
530,akdepe,42.0551,59.3788,78.89,37,0,9.37,TM,1660157278
531,port lincoln,-34.7333,135.8667,51.08,80,35,19.62,AU,1660157131
532,rochester,43.1548,-77.6156,81.34,59,75,1.99,US,1660156731
533,kletskaya,49.3145,43.0584,83.77,25,18,11.95,RU,1660158886
534,koryukivka,51.7688,32.2481,60.8,92,100,2.8,UA,1660158888
535,marsa matruh,31.3525,27.2453,79.41,69,0,11.18,EG,1660158886
536,springbok,-29.6643,17.8865,49.24,60,78,3.09,ZA,1660158893
537,mamakan,57.8161,114.0028,54.43,98,100,1.5,RU,1660158895
538,mount isa,-20.7333,139.5,46.17,57,0,0.0,AU,1660158898
539,praia,14.9215,-23.5087,81.32,80,86,6.62,CV,1660158900
540,nara,34.6851,135.8049,83.52,67,100,2.24,JP,1660158903
541,khromtau,50.2503,58.4347,69.44,52,10,5.03,KZ,1660158905
542,clacton-on-sea,51.7897,1.156,75.33,76,5,5.01,GB,1660158911
543,khuzhir,53.1939,107.3397,54.41,82,8,9.57,RU,1660158913
544,hatillo,18.4863,-66.8254,88.38,78,100,7.0,PR,1660158916
545,manono,-7.3,27.4167,78.24,25,32,4.5,CD,1660158918
546,umm lajj,25.0213,37.2685,91.69,52,26,13.15,SA,1660158880
547,sao joao da barra,-21.6403,-41.0511,82.49,73,100,15.95,BR,1660158927
548,sakakah,29.9697,40.2064,98.17,22,0,11.83,SA,1660158932
549,yatou,37.15,122.3833,71.24,94,100,1.99,CN,1660159555
550,maria chiquita,9.4431,-79.7558,84.4,74,100,8.48,PA,1660159557
551,conceicao do araguaia,-8.2578,-49.2647,101.44,15,4,3.98,BR,1660159559
552,ylivieska,64.0833,24.55,64.31,83,100,7.81,FI,1660159562
553,tricase,39.9304,18.3553,79.95,67,20,13.62,IT,1660159564
554,sioux lookout,50.1001,-91.917,66.07,47,99,10.89,CA,1660159567
555,masakin,35.7292,10.5808,88.0,70,40,13.8,TN,1660159570
556,laguna de perlas,12.3429,-83.6712,86.09,88,100,12.46,NI,1660159572
557,nemuro,43.3236,145.575,65.93,98,82,10.83,JP,1660159574
558,tamandare,-8.7597,-35.1047,78.39,66,2,5.61,BR,1660159577
559,alofi,-19.0595,-169.9187,71.49,100,36,5.75,NU,1660159580
560,el limon,10.3059,-67.6321,79.92,87,100,4.94,VE,1660159583
